{
  "version": "1.0",
  "defaultProvider": "cdnjs",
  "libraries": [
    {
      "library": "bootstrap@5.2.3",
      "destination": "wwwroot/lib/bootstrap/"
    },
    {
      "library": "datatables@1.10.21",
      "destination": "wwwroot/lib/datatables/",
      "files": [
        "js/jquery.dataTables.min.js",
        "css/jquery.dataTables.css",
        "css/jquery.dataTables.min.css",
        "js/jquery.dataTables.js"
      ]
    },
    {
      "library": "jquery-confirm@3.3.4",
      "destination": "wwwroot/lib/jquery-confirm/"
    },
    {
      "library": "aes-js@3.1.2",
      "destination": "wwwroot/lib/aes/"
    },
    {
      "library": "jqueryui@1.13.2",
      "destination": "wwwroot/lib/jqueryui/",
      "files": [
        "jquery-ui.min.js",
        "jquery-ui.js"
      ]
    }
  ]
}